date,workout,exercise,sets,reps,weight
2026-09-26,Pull-up,Pull-up,1,5,3.2
2026-09-26,Pull-up,Pull-up,1,7,3.2
2026-09-26,Pull-up,Pull-up,3,7,3.2
2026-09-25,Nordic Curl,Nordic Curl,3,5,
2026-09-25,Nordic Curl,Trap Bar Deadlift,5,5,82.5
2026-09-24,Parallel Bar Dip,Parallel Bar Dip,3,10,
2026-09-24,Parallel Bar Dip,Push-up,1,8,5.5
2026-09-24,Parallel Bar Dip,Push-up,1,12,5.5
2026-09-24,Parallel Bar Dip,Push-up,3,12,5.5
2026-09-23,Inverted Row,Inverted Row,3,10,
2026-09-23,Inverted Row,Pull-up,1,6,3.2
2026-09-23,Inverted Row,Pull-up,1,5,3.2
2026-09-23,Inverted Row,Pull-up,3,7,3.2
2026-09-22,Nordic Curl,Nordic Curl,3,10,
2026-09-22,Nordic Curl,RTO Hold,3,30,
2026-09-21,Parallel Bar Dip,Parallel Bar Dip,1,9,
2026-09-21,Parallel Bar Dip,Parallel Bar Dip,2,8,
2026-09-21,Parallel Bar Dip,Push-up,1,8,5.5
2026-09-21,Parallel Bar Dip,Push-up,1,7,5.5
2026-09-21,Parallel Bar Dip,Push-up,3,12,5.5
2026-09-20,Hand Gripper,Hand Gripper,2,15,30
2026-09-20,Hand Gripper,Pull-up,1,5,3.2
2026-09-20,Hand Gripper,Pull-up,1,6,3.2
2026-09-20,Hand Gripper,Pull-up,3,7,3.2
2026-09-19,RTO Hold,RTO Hold,3,30,
2026-09-19,RTO Hold,Push-up,1,9,5.5
2026-09-19,RTO Hold,Push-up,1,12,5.5
2026-09-19,RTO Hold,Push-up,3,12,5.5
2026-09-18,Nordic Curl,Nordic Curl,3,8,
2026-09-18,Nordic Curl,Inverted Row,3,10,
2026-09-18,Nordic Curl,Hamstring Slide,3,10,
2026-09-18,Nordic Curl,Pull-up,1,6,3.2
2026-09-18,Nordic Curl,Pull-up,1,6,3.2
2026-09-18,Nordic Curl,Pull-up,3,6,3.2
2026-09-17,RTO Hold,RTO Hold,3,30,
2026-09-16,Parallel Bar Dip,Parallel Bar Dip,2,8,
2026-09-16,Parallel Bar Dip,Straight Bar Dip,3,7,
2026-09-16,Parallel Bar Dip,Push-up,1,9,5.5
2026-09-16,Parallel Bar Dip,Push-up,1,10,5.5
2026-09-16,Parallel Bar Dip,Push-up,3,12,5.5
2026-09-15,Hamstring Machine Curl,Hamstring Machine Curl,1,13,25
2026-09-15,Hamstring Machine Curl,Hamstring Machine Curl,2,10,25
2026-09-15,Hamstring Machine Curl,Pull-up,1,5,2.5
2026-09-15,Hamstring Machine Curl,Trap Bar Deadlift,5,5,80
2026-09-15,Hamstring Machine Curl,Pull-up,1,7,2.5
2026-09-15,Hamstring Machine Curl,Pull-up,3,6,2.5
2026-09-14,Push-up,Push-up,1,8,5
2026-09-14,Push-up,Push-up,1,12,5
2026-09-14,Push-up,Push-up,3,12,5
2026-09-13,Hand Gripper,Hand Gripper,2,15,30
2026-09-13,Hand Gripper,Pull-up,1,6,2.5
2026-09-13,Hand Gripper,Pull-up,1,6,2.5
2026-09-13,Hand Gripper,Pull-up,3,6,2.5
2026-09-12,Straight Bar Dip,Straight Bar Dip,3,10,
2026-09-12,Straight Bar Dip,Push-up,1,8,5
2026-09-12,Straight Bar Dip,Push-up,1,11,5
2026-09-12,Straight Bar Dip,Push-up,3,12,5
2026-09-11,Hamstring Slide,Hamstring Slide,3,10,
2026-09-11,Hamstring Slide,Inverted Row,3,9,
2026-09-11,Hamstring Slide,Pull-up,1,6,2.5
2026-09-11,Hamstring Slide,Pull-up,1,6,2.5
2026-09-11,Hamstring Slide,Pull-up,3,6,2.5
2026-09-09,Straight Bar Dip,Straight Bar Dip,3,10,
2026-09-09,Straight Bar Dip,Push-up,3,12,5
2026-09-09,Straight Bar Dip,Push-up,1,8,5
2026-09-09,Straight Bar Dip,Push-up,1,9,5
2026-09-08,Trap Bar Deadlift,Trap Bar Deadlift,5,5,77.5
2026-09-08,Trap Bar Deadlift,Pull-up,1,5,2.5
2026-09-08,Trap Bar Deadlift,Pull-up,1,6,2.5
2026-09-08,Trap Bar Deadlift,Pull-up,3,6,2.5
2026-09-07,Straight Bar Dip,Straight Bar Dip,3,10,
2026-09-07,Straight Bar Dip,Push-up,1,7,5
2026-09-07,Straight Bar Dip,Push-up,1,9,5
2026-09-07,Straight Bar Dip,Push-up,1,11,5
2026-09-07,Straight Bar Dip,Push-up,2,12,5
2026-09-06,Hand Gripper,Hand Gripper,2,20,25
2026-09-06,Hand Gripper,Pull-up,1,5,2.5
2026-09-06,Hand Gripper,Pull-up,1,5,2.5
2026-09-06,Hand Gripper,Pull-up,3,6,2.5
2026-09-05,Straight Bar Dip,Straight Bar Dip,3,10,
2026-09-05,Straight Bar Dip,Push-up,1,13,2.5
2026-09-05,Straight Bar Dip,Push-up,4,12,2.5
2026-09-04,Hand Gripper,Hand Gripper,2,20,25
2026-09-04,Hand Gripper,Hamstring Slide,3,10,
2026-09-04,Hand Gripper,Pull-up,1,7,
2026-09-04,Hand Gripper,Pull-up,4,7,
2026-09-02,Push-up,Push-up,1,9,2.5
2026-09-02,Push-up,Push-up,1,12,2.5
2026-09-02,Push-up,Push-up,3,12,2.5
2026-09-01,Trap Bar Deadlift,Trap Bar Deadlift,5,5,75
2026-09-01,Trap Bar Deadlift,Pull-up,1,5,
2026-09-01,Trap Bar Deadlift,Pull-up,1,6,
2026-09-01,Trap Bar Deadlift,Pull-up,3,7,
2026-08-31,Push-up,Push-up,1,8,2.5
2026-08-31,Push-up,Push-up,1,11,2.5
2026-08-31,Push-up,Push-up,3,12,2.5
2026-08-30,Pull-up,Pull-up,1,7,
2026-08-30,Pull-up,Pull-up,1,7,
2026-08-30,Pull-up,Pull-up,1,7,
2026-08-30,Pull-up,Pull-up,2,7,
2026-08-29,Push-up,Push-up,1,8,2.5
2026-08-29,Push-up,Push-up,1,12,2.5
2026-08-29,Push-up,Push-up,3,12,2.5
2026-08-28,Pull-up,Pull-up,1,4,
2026-08-28,Pull-up,Pull-up,1,5,
2026-08-28,Pull-up,Pull-up,1,6,
2026-08-28,Pull-up,Pull-up,2,7,
2026-08-26,Push-up,Push-up,1,9,2.5
2026-08-26,Push-up,Push-up,1,9,2.5
2026-08-26,Push-up,Push-up,3,12,2.5
2026-08-25,Trap Bar Deadlift,Trap Bar Deadlift,5,5,70
2026-08-25,Trap Bar Deadlift,Pull-up,1,7,
2026-08-25,Trap Bar Deadlift,Pull-up,4,7,
2026-08-24,Push-up,Push-up,1,8,2.5
2026-08-24,Push-up,Push-up,1,10,2.5
2026-08-24,Push-up,Push-up,3,12,2.5
2026-08-23,Pull-up,Pull-up,1,6,
2026-08-23,Pull-up,Pull-up,4,7,
2026-08-22,Push-up,Push-up,1,12,2.5
2026-08-22,Push-up,Push-up,4,12,
2026-08-20,Trap Bar Deadlift,Trap Bar Deadlift,5,5,60
2026-08-20,Trap Bar Deadlift,Pull-up,1,6,
2026-08-20,Trap Bar Deadlift,Pull-up,1,7,
2026-08-20,Trap Bar Deadlift,Pull-up,3,6,
2026-08-19,Push-up,Push-up,1,13,
2026-08-19,Push-up,Push-up,4,12,
2026-08-18,Pull-up,Pull-up,2,7,
2026-08-18,Pull-up,Pull-up,3,6,
2026-08-17,Push-up,Push-up,1,12,
2026-08-17,Push-up,Push-up,4,12,
2026-08-16,Pull-up,Pull-up,1,7,
2026-08-16,Pull-up,Pull-up,1,7,
2026-08-16,Pull-up,Pull-up,3,6,
2026-08-15,Push-up,Push-up,1,12,
2026-08-15,Push-up,Push-up,4,12,
2026-08-14,Pull-up,Pull-up,1,7,
2026-08-14,Pull-up,Pull-up,4,6,
2026-08-12,Trap Bar Deadlift,Trap Bar Deadlift,5,5,50
2026-08-12,Trap Bar Deadlift,Push-up,1,13,
2026-08-12,Trap Bar Deadlift,Push-up,4,12,
2026-08-11,Pull-up,Pull-up,1,7,
2026-08-11,Pull-up,Pull-up,4,6,
2026-08-10,Push-up,Push-up,1,12,
2026-08-10,Push-up,Push-up,4,12,
2026-08-09,Pull-up,Pull-up,1,7,
2026-08-09,Pull-up,Pull-up,4,6,
2026-08-08,Push-up,Push-up,1,12,
2026-08-08,Push-up,Push-up,4,11,
2026-08-07,Pull-up,Pull-up,1,7,
2026-08-07,Pull-up,Pull-up,4,6,
2026-08-05,Push-up,Push-up,1,13,
2026-08-05,Push-up,Push-up,4,11,
2026-08-04,Trap Bar Deadlift,Trap Bar Deadlift,5,5,40
2026-08-04,Trap Bar Deadlift,Pull-up,4,6,
2026-08-04,Trap Bar Deadlift,Pull-up,1,6,
2026-08-03,Push-up,Push-up,5,11,
2026-08-01,Pull-up,Pull-up,1,7,
2026-08-01,Pull-up,Pull-up,4,5,
2026-07-31,Push-up,Push-up,5,11,
2026-07-30,Pull-up,Pull-up,1,6,
2026-07-30,Pull-up,Pull-up,4,5,
2026-07-29,Push-up,Push-up,4,11,
2026-07-28,Pull-up,Pull-up,5,5,
2026-07-27,Push-up,Push-up,2,15,
2026-07-27,Push-up,Push-up,2,11,
2026-07-25,Pull-up,Pull-up,1,5,
2026-07-25,Pull-up,Pull-up,1,6,
2026-07-25,Pull-up,Pull-up,1,5,
2026-07-25,Pull-up,Pull-up,1,6,
2026-07-25,Pull-up,Pull-up,1,5,
2026-07-24,Push-up,Push-up,2,11,
2026-07-24,Push-up,Push-up,1,12,
2026-07-24,Push-up,Push-up,1,10,
2026-07-23,Pull-up,Pull-up,5,5,
2026-07-22,Push-up,Push-up,4,10,
2026-07-21,Pull-up,Pull-up,5,5,
2026-07-20,Push-up,Push-up,4,10,
2026-07-19,Pull-up,Pull-up,4,5,
2026-07-18,Push-up,Push-up,4,10,
2026-07-17,Pull-up,Pull-up,4,5,
2026-07-15,Push-up,Push-up,4,10,
2026-07-14,Pull-up,Pull-up,4,5,
2026-07-13,Push-up,Push-up,4,10,
2026-07-11,Pull-up,Pull-up,1,2,
2026-07-11,Pull-up,Pull-up,4,5,
2026-07-10,Push-up,Push-up,2,10,
2026-07-10,Push-up,Push-up,2,9,
2026-07-09,Pull-up,Pull-up,3,5,
2026-07-08,Push-up,Push-up,1,10,
2026-07-08,Push-up,Push-up,3,9,
2026-07-07,Pull-up,Pull-up,3,5,
2026-07-06,Push-up,Push-up,4,9,
2026-07-05,Pull-up,Pull-up,3,5,
2026-07-03,Push-up,Push-up,2,8,
2026-07-03,Push-up,Push-up,2,9,
2026-07-02,Pull-up,Pull-up,4,4,
2026-07-01,Push-up,Push-up,4,8,
2026-06-30,Pull-up,Pull-up,2,5,
2026-06-29,Push-up,Push-up,4,8,
2026-06-28,Pull-up,Pull-up,4,4,
2026-06-26,Push-up,Push-up,3,8,
2026-06-25,Pull-up,Pull-up,3,4,
2026-06-24,Push-up,Push-up,3,8,
2026-06-23,Pull-up,Pull-up,3,4,
2026-06-22,Push-up,Push-up,3,8,
